title,company,location,salary,posted_date,source,experience_level,link,scraped_at,seniority
# Exported 14 jobs on 2025-08-04 09:12:42,# Generated by Job Scraper,# Total jobs: 14,,,,,,,
Python Developer,BayOne Solutions,India,N/A,2025-08-04,LinkedIn,mid,https://in.linkedin.com/jobs/view/python-developer-at-bayone-solutions-4278486194?position=29&pageNum=0&refId=sL%2BBXik14SbqHUyQFS93dw%3D%3D&trackingId=9%2BTh6anpheJcpf0XPbNoDA%3D%3D,1754278931.7570775,N/A
AI/ML /Python Developer,IT Alliance Australia,"Australian Capital Territory, Australia",N/A,2025-08-04,LinkedIn,mid,https://au.linkedin.com/jobs/view/ai-ml-python-developer-at-it-alliance-australia-4279523719?position=19&pageNum=0&refId=yS%2FFrDM2LwOvQEhxxuz9xw%3D%3D&trackingId=By3EuaPWhW4khRA9ny%2BgPQ%3D%3D,1754278956.3079643,N/A
Python and AI Developer,NTT DATA Asia Pacific,"WP. Kuala Lumpur, Federal Territory of Kuala Lumpur, Malaysia",N/A,2025-08-04,LinkedIn,mid,https://my.linkedin.com/jobs/view/python-and-ai-developer-at-ntt-data-asia-pacific-4278484504?position=42&pageNum=0&refId=yS%2FFrDM2LwOvQEhxxuz9xw%3D%3D&trackingId=oP53xV6QobJ5dsqjX%2FjXgQ%3D%3D,1754278956.3250823,N/A
Python Developer,HCLTech,"Bengaluru, Karnataka, India",N/A,2025-08-03,LinkedIn,mid,https://in.linkedin.com/jobs/view/python-developer-at-hcltech-4277313123?position=9&pageNum=0&refId=sL%2BBXik14SbqHUyQFS93dw%3D%3D&trackingId=%2FnCHYw1mF5Aq%2FmgyAEN4nA%3D%3D,1754278931.74309,N/A
AI Python Engineer,OpenText,"Bengaluru, Karnataka, India",N/A,2025-08-03,LinkedIn,mid,https://in.linkedin.com/jobs/view/ai-python-engineer-at-opentext-4253818817?position=10&pageNum=0&refId=sL%2BBXik14SbqHUyQFS93dw%3D%3D&trackingId=A6Qbb2XSw9V90VfCFqXnhA%3D%3D,1754278931.7437847,N/A
Software Engineer - Python+ Machine Learning Engineer,GeBBS Healthcare Solutions,"Thane, Maharashtra, India",N/A,2025-08-03,LinkedIn,mid,https://in.linkedin.com/jobs/view/software-engineer-python%2B-machine-learning-engineer-at-gebbs-healthcare-solutions-4279379740?position=21&pageNum=0&refId=sL%2BBXik14SbqHUyQFS93dw%3D%3D&trackingId=%2BEMmeCNl7I7pvDqY%2FEnIBw%3D%3D,1754278931.7514331,N/A
Python Developer,Ascendion,"Gurugram, Haryana, India",N/A,2025-08-03,LinkedIn,mid,https://in.linkedin.com/jobs/view/python-developer-at-ascendion-4279379953?position=22&pageNum=0&refId=sL%2BBXik14SbqHUyQFS93dw%3D%3D&trackingId=BtSsbeX4GDjTQ3lA4fGtow%3D%3D,1754278931.752132,N/A
Data science Python AI MLTrainer Required,Are you looking for Corporate Professionals? connect with CertED Technologies.,"Noida, Uttar Pradesh, India",N/A,2025-08-03,LinkedIn,mid,https://in.linkedin.com/jobs/view/data-science-python-ai-mltrainer-required-at-are-you-looking-for-corporate-professionals%3F-connect-with-certed-technologies-4279398218?position=25&pageNum=0&refId=sL%2BBXik14SbqHUyQFS93dw%3D%3D&trackingId=PNI%2BGpybs3ombfakq1HLTw%3D%3D,1754278931.754276,N/A
Python Developer,Cozzera,India,N/A,2025-08-03,LinkedIn,mid,https://in.linkedin.com/jobs/view/python-developer-at-cozzera-4278460387?position=26&pageNum=0&refId=sL%2BBXik14SbqHUyQFS93dw%3D%3D&trackingId=MgEThHaeKjJaSXoOIAK5Sw%3D%3D,1754278931.7549691,N/A
Python Developer,Sosuv Consulting,"Bengaluru, Karnataka, India",N/A,2025-08-03,LinkedIn,mid,https://in.linkedin.com/jobs/view/python-developer-at-sosuv-consulting-4277307460?position=37&pageNum=0&refId=sL%2BBXik14SbqHUyQFS93dw%3D%3D&trackingId=KN0zIKKlsKyCU%2Fh3m0P88A%3D%3D,1754278931.7628877,N/A
"Senior Engineer | AI, ML, Python, Computer Vision Specialist",Infiswift Technologies,India,N/A,2025-08-03,LinkedIn,senior,https://in.linkedin.com/jobs/view/senior-engineer-ai-ml-python-computer-vision-specialist-at-infiswift-technologies-4278401857?position=50&pageNum=0&refId=sL%2BBXik14SbqHUyQFS93dw%3D%3D&trackingId=GZ2N4N%2B7jsLvctytYVNFMw%3D%3D,1754278931.7721887,N/A
"MLE/MLOps, OOPs Python, Data Bricks,Azure",Infosys,"Bengaluru East, Karnataka, India",N/A,2025-08-03,LinkedIn,mid,https://in.linkedin.com/jobs/view/mle-mlops-oops-python-data-bricks-azure-at-infosys-4278469016?position=59&pageNum=0&refId=sL%2BBXik14SbqHUyQFS93dw%3D%3D&trackingId=e5UahfyX0l%2BzL5znSU38AQ%3D%3D,1754278931.7789006,N/A
Python / AI Engineer,NAIRON GmbH,Greece,N/A,2025-08-03,LinkedIn,mid,https://gr.linkedin.com/jobs/view/python-ai-engineer-at-nairon-gmbh-4277095607?position=27&pageNum=0&refId=yS%2FFrDM2LwOvQEhxxuz9xw%3D%3D&trackingId=xds%2BCYxfHYd6KFZGv9z4Rg%3D%3D,1754278956.3138988,N/A
"Senior AI Engineer (Python/ML) / Fintech / $250,000 W2 / Hybrid (2 days) / New York, NY",Open Talent,New York City Metropolitan Area,N/A,2025-08-03,LinkedIn,senior,https://www.linkedin.com/jobs/view/senior-ai-engineer-python-ml-fintech-%24250-000-w2-hybrid-2-days-new-york-ny-at-open-talent-4254898425?position=58&pageNum=0&refId=yS%2FFrDM2LwOvQEhxxuz9xw%3D%3D&trackingId=ZcM19s93pS827W%2FCj%2BLfHg%3D%3D,1754278956.336624,N/A
